MWSHPQFEK,1-9
SYPYDVPDYASLEDIKNETVDLEKIPIEEVFQQLK,10-44
IPIEEVFQQLK,34-44
EGLTTQEGEDR,48-58
EGLTTQEGEDRIQIFGPNKLEEK,48-70
IQIFGPNKLEEK,59-70
IQIFGPNKLEEKK,59-71
VLRDGKWSEQEAAILVPGDIVSIK,151-174
DGKWSEQEAAILVPGDIVSIK,154-174
WSEQEAAILVPGDIVSIK,157-174
LGDIIPADAR,175-184
LLEGDPLKVDQSALTGESLPVTK,185-207
LLEGDPLKVDQSALTGESLPVTKHPGQEVFSGSTCK,185-220
VDQSALTGESLPVTK,193-207
HPGQEVFSGSTCK,208-220
HPGQEVFSGSTCKQGEIEAVVIATGVHTFFGK,208-239
QGEIEAVVIATGVHTFFGK,221-239
AAHLVDSTNQVGHFQK,240-255
LSVDKNLVEVFCK,356-368
NLVEVFCK,361-368
GVEKDQVLLFAAMASR,369-384
VENQDAIDAAMVGMLADPK,385-403
AGIREVHFLPFNPVDKR,407-423
EVHFLPFNPVDKR,411-423
TALTYIDGSGNWHR,424-437
VSKGAPEQILELAK,438-451
GAPEQILELAK,441-451
KVLSIIDK,459-466
KVLSIIDKYAER,459-470
VLSIIDKYAER,460-470
ALNLGVNVK,517-525
MITGDQLAIGK,526-536
MITGDQLAIGKETGR,526-540
LGMGTNMYPSSALLGTHK,542-559
DANLASIPVEELIEK,560-574
DANLASIPVEELIEKADGFAGVFPEHK,560-586
ADGFAGVFPEHK,575-586
ADGFAGVFPEHKYEIVK,575-591
ADGFAGVFPEHKYEIVKK,575-592
KHIVGMTGDGVNDAPALK,597-614
KHIVGMTGDGVNDAPALKK,597-615
HIVGMTGDGVNDAPALK,598-614
KADIGIAVADATDAAR,615-630
ADIGIAVADATDAAR,616-630
GASDIVLTEPGLSVIISAVLTSR,631-653
TDFFSDTFGVR,751-761
AWLNLFENK,866-874
DYGKEEREAQWALAQR,882-897
EAQWALAQR,889-897
EAVNIFPEK,906-914
EAVNIFPEKGSYR,906-918
GSYRELSEIAEQAK,915-928
GSYRELSEIAEQAKR,915-929
ELSEIAEQAK,919-928
ELSEIAEQAKR,919-929
GHVESVVK,944-951
LKGLDIETPSHYTV,952-965
GLDIETPSHYTV,954-965
